"text","count"
"m",5519671
"5",4485228
"3",4035500
"満",3440669
"未",3438687
"道",3065385
".",2489560
"-",1971656
"1",1964568
"町",1962006
"料",1785052
"市",1737982
"等",1731090
"無",1725556
"村",1686147
"区",1678144
"2",693797
"9",599279
"4",586811
"県",523723
"都",523278
"府",522419
"6",508012
"8",451099
"7",442733
"0",387247
"国",326488
"上",235234
"川",212167
"以",200196
"）",186938
"（",186805
"線",183008
"部",176185
"山",161291
"高",153249
"R",146973
"田",138536
"大",137034
"通",131341
"J",129397
"常",123539
"目",107322
"丁",104052
"駅",100421
"二",95689
"一",93983
"三",92402
"中",91416
"橋",89985
"単",89497
"野",84039
"C",83897
"沢",79592
"小",78330
"東",77537
"自",75536
"ン",72798
"西",72771
"動",72707
"原",72634
"車",70481
"有",66227
"谷",64909
"島",62697
"速",61678
"下",59927
"ル",59547
"ト",57646
"北",55173
"複",53739
"南",53066
"の",52759
"学",52314
"ネ",51744
"立",50868
"新",49706
"本",47446
"四",46719
"明",46637
"ノ",46571
"・",46245
"分",45899
"木",44725
"校",44583
"架",44570
"内",39397
"外",38880
"不",38683
"五",37833
"地",37577
"平",36509
"崎",36437
"L",35893
"ー",34851
"井",33841
"神",33835
"寺",33554
"局",32760
"松",31607
"場",30003
"十",29989
"八",29818
"石",29160
"屋",29113
"ヶ",28629
"津",28537
"宮",28417
"条",28046
"別",27837
"日",27826
"戸",27408
"台",27388
"所",27327
"Ｃ",27174
"字",26790
"瀬",26771
"便",26565
"郵",26508
"水",26058
"長",24826
"園",24247
"和",23533
"岡",23375
"尾",23265
"六",22984
"署",22883
"ム",22730
"久",22564
"前",22490
"岩",22003
"浜",20873
"浦",20081
"城",19934
"池",19888
"見",19827
"坂",19737
"B",19721
"古",18778
"森",18609
"吉",18455
"子",18299
"口",18206
"倉",18006
"察",17971
"丘",17858
"江",17550
"警",17284
"根",17143
"七",17105
"白",17042
"滝",16923
"峠",16701
"生",16278
"Ｉ",16055
"郷",15797
"里",15778
"岳",15617
"保",15509
"ホ",15439
"老",15230
"「",15172
"」",15172
"人",15039
"養",14893
"福",14882
"特",14779
"海",14702
"泉",14699
"河",14685
"佐",14439
"金",14253
"天",14187
"富",14124
"イ",13907
"館",13818
"路",13714
"出",13642
"黒",13608
"美",13415
"公",13259
"越",13251
"護",13010
"港",12990
"名",12671
"安",12581
"ケ",12186
"畑",12179
"合",11994
"塚",11929
"赤",11862
"千",11670
"沼",11605
"広",11443
"豊",11361
"間",11241
"馬",11197
"九",11188
"之",11140
"賀",11041
"索",11033
"ス",10878
"向",10853
"番",10787
"央",10722
"清",10707
"土",10680
"横",10630
"代",10532
"御",10367
"タ",10305
"伊",10302
"社",10286
"丸",10011
"防",9999
"方",9950
"手",9706
"藤",9596
"院",9585
"シ",9511
"鉄",9366
"光",9264
"ッ",9261
"羽",9226
"鹿",9112
"花",8961
"工",8954
"ツ",8944
"消",8856
"ウ",8784
"志",8756
"が",8646
"鳥",8617
"青",8542
"門",8483
"林",8408
"太",8345
"良",8294
"湯",8283
"ダ",8226
"須",8181
"リ",8177
"在",8115
"T",8080
"矢",8061
"宇",8059
"号",8046
"鼻",8036
"加",7997
"阿",7984
"ラ",7907
"多",7804
"第",7767
"関",7757
"ク",7711
"京",7632
"葉",7608
"竹",7565
"牧",7494
"今",7473
"い",7468
"栄",7461
"交",7446
"荒",7399
"桜",7331
"奥",7283
"敷",7249
"波",7221
"堀",7175
"元",7135
"駐",6999
"そ",6990
"成",6990
"支",6946
"堂",6926
"入",6907
"柳",6894
"カ",6839
"熊",6826
"側",6764
"王",6708
"宿",6694
"若",6685
"ナ",6670
"船",6574
"他",6548
"塩",6521
"セ",6412
"稲",6403
"永",6383
"蔵",6353
"文",6307
"峰",6280
"幡",6250
"飯",6123
"尻",6119
"武",6081
"ア",6074
"深",6069
"み",6068
"真",6033
"後",6004
"家",5966
"渡",5965
"キ",5921
"草",5881
"緑",5873
"月",5824
"旭",5816
"玉",5651
"鶴",5626
"会",5582
"オ",5576
"春",5566
"業",5543
"士",5527
"知",5489
"温",5485
"辺",5475
"団",5458
"居",5422
"相",5388
"住",5363
"徳",5361
"幌",5302
"米",5296
"杉",5289
"音",5283
"茂",5260
"ベ",5249
"マ",5206
"湖",5183
"郡",5164
"庄",5091
"岸",5002
"跡",4971
"陽",4963
"易",4962
"簡",4902
"栗",4902
"ロ",4876
"布",4872
"砂",4840
"室",4836
"々",4801
"育",4749
"曽",4729
"勝",4662
"朝",4662
"用",4657
"り",4651
"牛",4582
"サ",4556
"病",4545
"務",4531
"張",4529
"総",4527
"か",4509
"コ",4470
"仁",4365
"沖",4286
"組",4271
"万",4226
"来",4202
"楽",4176
"化",4175
"利",4143
"然",4123
"州",4102
"体",4092
"切",4090
"片",4082
"電",4080
"奈",4047
"援",4046
"パ",4043
"女",4037
"フ",4012
"作",4000
"秋",3977
"甲",3971
"笠",3967
"又",3953
"運",3942
"発",3940
"岬",3920
"香",3914
"頭",3902
"板",3900
"笹",3880
"留",3870
"亀",3857
"取",3848
"チ",3829
"陸",3823
"つ",3816
"仙",3798
"開",3789
"阪",3786
"柏",3781
"愛",3778
"Ａ",3766
"風",3755
"ハ",3728
"郎",3723
"那",3723
"荘",3721
"幸",3720
"宝",3702
"重",3699
"き",3683
"梅",3667
"プ",3650
"坪",3636
"行",3625
"雲",3612
"さ",3607
"湾",3581
"迫",3575
"角",3567
"駒",3545
"比",3534
"あ",3516
"洞",3514
"丹",3507
"幹",3457
"竜",3449
"落",3424
"正",3424
"法",3406
"浅",3386
"空",3386
"末",3379
"ポ",3376
"漁",3371
"境",3354
"ド",3338
"形",3314
"E",3313
"治",3301
"ら",3291
"俣",3282
"歩",3222
"ま",3214
"穂",3202
"桑",3184
"事",3174
"勢",3154
"菅",3153
"早",3146
"観",3136
"寒",3135
"登",3129
"流",3109
"殿",3108
"仲",3098
"釜",3071
"毛",3057
"貝",3049
"足",3043
"師",3035
"百",3002
"物",2987
"し",2960
"脇",2939
"く",2924
"レ",2920
"喜",2918
"唐",2912
"萩",2886
"舟",2885
"呂",2878
"茶",2871
"私",2870
"岐",2860
"遠",2851
"Ｇ",2837
"信",2800
"垣",2794
"備",2779
"面",2776
"輪",2762
"雪",2757
"エ",2748
"近",2731
"窪",2726
"芦",2716
"ャ",2695
"磯",2670
"な",2664
"ニ",2658
"Ｐ",2655
"民",2648
"飛",2645
"伏",2622
"篠",2616
"細",2594
"星",2568
"能",2562
"弥",2561
"泊",2561
"吹",2554
"ゴ",2552
"役",2548
"葛",2533
"寿",2529
"庭",2502
"軽",2496
"折",2484
"曲",2478
"龍",2472
"ヤ",2459
"Ｓ",2449
"衛",2443
"乙",2441
"鬼",2407
"掛",2387
"坊",2384
"た",2383
"共",2383
"鷹",2367
"ュ",2366
"蒲",2361
"官",2349
"ガ",2346
"潟",2320
"苑",2317
"芝",2316
"モ",2301
"ジ",2292
"昭",2290
"穴",2286
"わ",2276
"テ",2262
"と",2258
"科",2251
"辻",2238
"荷",2233
"堤",2230
"舘",2221
"舞",2208
"恵",2201
"ビ",2198
"半",2187
"バ",2178
"お",2173
"袋",2163
"引",2155
"ミ",2155
"厚",2150
"柿",2147
"鳴",2139
"ペ",2129
"洲",2129
"雄",2120
"基",2118
"児",2102
"渕",2091
"巻",2085
"猿",2082
"植",2081
"巣",2078
"貫",2073
"札",2071
"街",2041
"興",2034
"ブ",2025
"世",2022
"猪",1993
"魚",1985
"枝",1985
"烏",1982
"善",1971
"Ｊ",1947
"錦",1933
"淵",1933
"鍋",1926
"連",1924
"妻",1923
"栃",1923
"う",1921
"や",1917
"端",1915
"姫",1910
"専",1907
"庁",1904
"円",1899
"峯",1890
"摩",1888
"寄",1886
"並",1876
"ん",1875
"犬",1870
"墳",1867
"軒",1866
"麻",1865
"覆",1865
"当",1864
"弁",1854
"気",1849
"狩",1845
"ワ",1832
"座",1832
"鈴",1831
"Ｔ",1823
"ち",1814
"納",1813
"打",1805
"反",1803
"股",1788
"柴",1783
"色",1777
"群",1774
"粟",1773
"メ",1772
"妙",1772
"由",1764
"刈",1763
"静",1760
"友",1754
"ふ",1749
"宗",1746
"グ",1746
"鴨",1737
"与",1731
"梨",1723
"濃",1715
"油",1715
"短",1711
"税",1707
"ひ",1698
"薬",1695
"桃",1683
"鵜",1680
"網",1677
"豆",1677
"楠",1675
"仏",1672
"す",1661
"桂",1659
"影",1658
"琴",1658
"訪",1655
"磐",1651
"臼",1650
"持",1649
"諏",1648
"理",1643
"労",1617
"樋",1616
"じ",1612
"首",1598
"鎌",1582
"串",1582
"転",1579
"延",1578
"農",1571
"左",1569
"表",1568
"蓮",1568
"増",1564
"押",1561
"歌",1559
"は",1558
"焼",1549
"ソ",1545
"房",1545
"年",1545
"追",1543
"糸",1542
"定",1538
"整",1536
"守",1533
"更",1526
"次",1507
"権",1507
"陵",1503
"源",1502
"紀",1502
"羅",1501
"峡",1497
"働",1487
"湊",1477
"盛",1475
"積",1474
"牟",1473
"築",1473
"芸",1472
"隊",1461
"母",1454
"医",1453
"領",1452
"火",1451
"割",1446
"こ",1427
"諸",1425
"雨",1415
"管",1413
"ヒ",1403
"衣",1399
"力",1398
"隧",1394
"溝",1392
"判",1391
"宕",1386
"鷲",1383
"筑",1380
"せ",1380
"床",1376
"産",1375
"添",1366
"菊",1362
"滑",1348
"際",1341
"右",1330
"現",1324
"遺",1324
"附",1324
"潮",1311
"兵",1308
"渋",1302
"ェ",1301
"萱",1296
"才",1296
"堰",1293
"陣",1293
"ヌ",1291
"種",1287
"塔",1283
"段",1283
"盤",1278
"も",1278
"隈",1277
"政",1275
"棚",1272
"ど",1272
"荻",1259
"製",1258
"教",1256
"ピ",1250
"研",1248
"祖",1242
"帯",1240
"実",1235
"椎",1231
"蛇",1231
"灘",1230
"置",1228
"ョ",1222
"聖",1221
"術",1219
"余",1218
"ば",1218
"樽",1217
"陰",1214
"殖",1214
"び",1205
"費",1203
"狭",1201
"狗",1200
"検",1198
"免",1196
"梶",1194
"初",1192
"磨",1188
"ボ",1184
"桐",1183
"智",1182
"嶺",1181
"念",1179
"箕",1172
"裁",1170
"味",1168
"紫",1164
"品",1162
"旧",1159
"望",1158
"針",1155
"父",1150
"両",1149
"芳",1138
"嘉",1138
"酒",1137
"縄",1136
"鏡",1135
"扇",1135
"ず",1132
"双",1131
"ズ",1129
"健",1128
"氷",1121
"達",1119
"肥",1119
"銀",1115
"域",1114
"造",1112
"主",1112
"彦",1111
"黄",1108
"箱",1106
"苗",1092
"洋",1090
"れ",1090
"ゆ",1085
"淀",1085
"ろ",1081
"ぎ",1076
"け",1071
"珠",1070
"庫",1068
"礼",1068
"函",1067
"る",1066
"瑞",1064
"我",1063
"柄",1051
"綾",1049
"者",1047
"夏",1045
"栖",1041
"溜",1037
"帽",1035
"宅",1034
"忠",1028
"榎",1025
"吾",1023
"弓",1018
"デ",1016
"助",1015
"茅",1009
"歳",1003
"男",1002
"拓",1000
"浪",999
"司",998
"夜",989
"経",987
"込",983
"博",979
"伯",975
"霧",968
"鞍",966
"鉢",963
"ギ",955
"斗",952
"皆",950
"墓",949
"桧",946
"心",944
"ィ",944
"華",940
"ヨ",938
"蘇",936
"蘭",934
"習",934
"畠",929
"麓",927
"え",926
"槻",922
"裏",921
"惣",918
"飼",918
"ザ",915
"霊",913
"洗",912
"直",911
"舎",909
"椿",908
"よ",907
"放",902
"夫",899
"っ",897
"鍛",897
"予",893
"樫",890
"楢",889
"冠",888
"嶽",887
"め",885
"照",884
"呉",884
"菱",884
"周",882
"杜",878
"属",873
"釧",871
"付",870
"進",869
"調",869
"環",868
"碆",867
"溪",864
"究",861
"貴",858
"願",852
"筋",852
"屯",849
"ほ",846
"恩",845
"時",845
"陀",837
"乗",837
"模",832
"婦",832
"丈",828
"示",828
"茨",826
"走",825
"伝",825
"指",814
"営",811
"振",810
"糠",810
"記",806
"慈",800
"殊",798
"弘",795
"益",792
"売",779
"束",775
"職",773
"汐",771
"干",766
"浮",761
"檜",760
"麦",759
"漆",757
"急",754
"堺",751
"似",745
"幕",744
"(",744
"曙",744
"隅",743
"瓜",743
"夕",742
"機",740
"斐",739
"株",739
"霞",738
"式",732
"貯",731
"垂",730
"ユ",729
"難",726
"輸",715
"蟹",712
"君",710
"慶",710
"卸",710
"建",707
"休",704
"綱",704
"廻",701
"療",697
"剣",692
"印",690
"壁",689
"少",688
"財",686
"咲",683
"筒",677
"飾",676
"芋",675
"籠",674
"非",669
"辰",669
"鮎",668
"浄",668
"菖",665
"埼",665
"度",665
"監",664
"鳩",661
"氏",660
"皇",659
"條",659
"嶋",654
"砥",652
"冶",650
"苅",650
"染",649
"施",648
"鷺",646
"雁",646
"袖",642
"枚",641
"梁",639
"兼",638
"冷",635
"藻",635
"的",634
"遊",631
"雀",629
"隠",624
"最",623
"杵",620
"迎",619
"嵐",619
"修",617
"蓬",617
"可",616
")",614
"苫",612
"厳",612
"ゲ",612
"好",612
"櫛",612
"先",611
"晴",609
"喰",609
"畿",607
"濁",604
"俵",602
"柱",600
"粕",599
"阜",598
"要",598
"止",596
"熱",596
"橘",596
"覚",595
"渓",593
"鴻",592
"腰",590
"樺",590
"岱",587
"む",587
"尼",581
"虫",580
"庵",579
"逆",575
"紅",575
"剛",574
"協",570
"祝",569
"だ",566
"薩",563
"暮",563
"刀",561
"蕨",558
"揖",555
"樹",552
"親",551
"淡",551
"狐",551
"ぶ",549
"釣",548
"旗",548
"沙",547
"柚",546
"標",542
"軍",540
"鉱",539
"摺",539
"払",538
"篭",534
"猫",533
"雷",526
"精",525
"服",524
"臨",523
"孫",523
"畝",522
"秩",522
"薮",522
"姉",519
"極",519
"姥",518
"夢",515
"詰",514
"蛭",513
"逢",513
"只",512
"象",512
"崩",512
"笛",511
"讃",511
"射",511
"祥",509
"に",507
"底",504
"榛",504
"紙",501
"堅",501
"航",500
"技",499
"ご",497
"恋",496
"轟",496
"釈",494
"澄",493
"触",488
"沓",488
"希",487
"競",487
"澤",486
"位",485
"童",484
"怒",483
"礁",483
"ゾ",483
"使",481
"虹",480
"計",479
"避",479
"界",478
"萌",477
"禅",474
"対",473
"駄",472
"普",472
"耶",472
"櫃",471
"藪",470
"渚",467
"義",466
"演",464
"塚",464
"材",463
"灰",462
"紋",462
"同",460
"蘂",460
"閑",460
"問",459
"芹",459
"織",458
"芽",457
"珂",457
"集",456
"帆",454
"湧",453
"箇",453
"設",452
"峨",451
"薄",449
"背",447
"皿",447
"胡",447
"具",447
"景",446
"貞",443
"但",442
"瓦",442
"鉾",440
"槇",440
"提",438
"刑",437
"頃",431
"祇",431
"鳳",431
"ヘ",429
"稗",429
"尊",426
"ぼ",426
"泥",424
"露",423
"杭",423
"乃",423
"督",422
"虎",422
"祉",421
"着",420
"階",418
"播",417
"ね",415
"楯",415
"商",415
"畔",411
"蔭",410
"状",410
"爪",409
"甘",407
"ぐ",406
"済",406
"桶",405
"嵯",405
"蒔",404
"期",404
"構",403
"将",402
"朱",402
"杷",402
"繁",401
"兎",401
"帰",401
"器",400
"差",400
"唄",398
"如",398
"帝",395
"宍",394
"冨",393
"頂",391
"返",390
"準",390
"験",388
"獅",387
"類",387
"圏",386
"参",384
"康",383
"頓",383
"息",382
"球",382
"結",381
"応",381
"拝",379
"待",379
"兜",378
"宜",378
"乳",377
"廃",377
"耳",377
"処",377
"邑",375
"則",375
"筈",375
"緒",375
"銭",374
"玄",373
"書",370
"昌",369
"数",368
"鐘",368
"厩",366
"食",365
"秦",365
"菰",364
"於",364
"杖",364
"銅",364
"炭",363
"瓶",363
"身",359
"塙",357
"屈",357
"額",357
"A",355
"屏",354
"排",353
"害",352
"嬉",352
"刺",350
"枇",350
"犀",345
"仮",344
"勇",344
"幾",344
"壱",343
"玖",343
"儀",342
"迦",342
"揚",342
"得",339
"程",339
"庶",339
"欠",338
"銚",338
"季",336
"２",335
"頸",335
"菜",335
"匠",334
"毘",331
"１",330
"英",329
"丙",328
"葵",327
"祢",326
"威",325
"削",323
"耕",322
"Ｅ",322
"脈",322
"騨",321
"供",321
"尺",321
"べ",321
"袴",319
"曇",318
"廿",317
"図",316
"沿",315
"意",315
"椋",315
"練",313
"覇",312
"厨",312
"硫",312
"舌",311
"命",310
"聞",309
"畜",309
"是",309
"畦",307
"斜",306
"Ｒ",306
"卯",305
"琶",305
"琵",305
"ぬ",302
"湿",301
"斎",301
"稚",301
"壇",300
"伴",298
"破",298
"縦",298
"湘",296
"獄",294
"鼓",294
"呼",293
"員",292
"鶏",292
"蒜",292
"離",291
"歴",291
"枕",291
"及",291
"寝",291
"ァ",290
"昆",288
"忍",288
"薗",288
"鯨",288
"維",287
"浴",287
"甫",287
"鯖",287
"貨",286
"遣",285
"曳",283
"己",283
"旅",282
"導",282
"僧",282
"朴",282
"鱒",282
"菩",282
"睦",281
"各",281
"梯",280
"芥",280
"て",280
"ゼ",279
"陶",279
"叶",278
"撃",278
"史",277
"膳",277
"抜",276
"薙",275
"鼠",275
"畳",274
"蓋",274
"椚",273
"鶉",273
"請",272
"除",272
"旦",272
"蓑",271
"庚",271
"報",269
"梗",269
"斉",268
"障",268
"鋼",268
"紺",268
"派",266
"涯",266
"汲",266
"鳶",266
"窯",265
"ざ",265
"砺",263
"全",263
"隼",263
"冬",262
"恒",261
"升",261
"呑",261
"桔",260
"涌",259
"坑",259
"蜂",258
"撫",258
"災",258
"突",257
"敦",256
"祭",255
"隆",255
"藍",254
"変",254
"列",254
"槌",253
"倶",253
"改",253
"狼",251
"骨",250
"巽",250
"鮫",249
"申",249
"駿",249
"依",248
"澗",246
"疫",246
"髪",245
"墨",245
"鎮",243
"様",242
"窓",240
"辛",240
"倍",240
"鍵",240
"燕",239
"謝",239
"節",238
"彩",238
"餅",237
"断",237
"荏",237
"鰐",237
"ヴ",236
"夷",236
"甑",236
"徹",236
"占",236
"瑛",236
"昼",235
"窟",234
"虚",233
"杣",233
"雑",232
"朽",232
"茜",231
"終",231
"鍬",230
"勘",227
"漢",227
"論",227
"Ｏ",225
"臥",225
"綿",224
"因",224
"妹",223
"思",222
"去",222
"泰",222
"任",221
"韮",221
"滋",221
"弟",220
"盲",220
"胎",218
"彼",218
"翠",217
"降",217
"醍",215
"碇",215
"醐",215
"誉",213
"挾",213
"づ",213
"嵩",213
"壺",212
"看",212
"桝",211
"絹",211
"翁",210
"燈",210
"懸",209
"藩",209
"丑",208
"乞",208
"遅",208
"送",208
"蓼",207
"点",207
"歯",207
"詣",206
"訓",206
"試",206
"起",205
"敬",205
"像",204
"鶯",204
"梓",203
"籾",202
"巳",202
"裾",201
"瀞",200
"簗",200
"絵",198
"鴫",198
"茗",198
"摂",198
"頼",198
"枯",197
"性",197
"ょ",195
"埴",194
"至",194
"蔦",193
"瀧",193
"限",193
"鵠",193
"賢",192
"戦",192
"秀",192
"鑑",191
"蒼",191
"鯛",191
"投",191
"驒",190
"楡",190
"替",190
"碓",190
"Ｎ",190
"拘",190
"栂",189
"吐",189
"巴",189
"筏",189
"午",188
"瓢",188
"散",187
"尖",187
"巾",187
"資",187
"糀",187
"奴",187
"鋸",187
"乢",186
"祓",186
"榊",185
"測",185
"麗",184
"悪",183
"　",183
"閤",183
"鋳",183
"蚊",183
"簾",182
"壬",182
"埋",182
"層",181
"砲",181
"橿",181
"Ｋ",179
"勒",178
"諫",178
"ぞ",178
"椛",177
"鎧",176
"ォ",176
"縫",175
"蕪",174
"給",174
"苔",174
"叡",174
"聾",173
"瑠",173
"受",172
"佃",172
"巨",172
"胆",172
"げ",171
"傍",171
"眼",171
"始",170
"佛",170
"創",170
"戎",169
"往",168
"檀",167
"灯",167
"粒",166
"爺",166
"展",165
"竈",164
"槙",164
"晶",162
"邦",162
"副",161
"栢",160
"孝",160
"査",160
"鯉",160
"視",159
"崖",159
"店",159
"奄",159
"ヅ",158
"潤",157
"飽",157
"輝",156
"碑",155
"負",155
"為",155
"蟻",155
"鐵",154
"乾",154
"邸",154
"杓",154
"屛",154
"縁",154
"量",153
"活",152
"移",152
"衙",152
"情",151
"族",151
"釘",150
"回",149
"閉",149
"蛸",148
"碁",147
"竪",147
"雌",147
"筆",146
"姶",146
"槍",146
"苦",145
"捨",145
"継",145
"暁",144
"雫",144
"般",144
"翔",144
"狸",144
"剱",144
"繫",143
"裡",143
"企",143
"甚",143
"尋",142
"Ｂ",142
"樅",141
"禿",141
"萬",141
"李",141
"煙",140
"３",140
"螺",140
"で",139
"鐙",139
"馳",139
"拾",138
"碧",138
"肱",138
"寮",137
"遍",137
"伽",137
"客",137
"侍",137
"Ｌ",136
"続",136
"疏",136
"仰",135
"潜",135
"強",135
"還",135
"寸",135
"葭",135
"宰",134
"疋",134
"N",134
"脊",134
"牡",134
"戊",133
"声",133
"哲",133
"匹",133
"楮",133
"K",132
"涸",132
"険",131
"婆",131
"覧",131
"楓",131
"兄",130
"鞆",130
"畷",130
"誠",129
"肝",129
"包",129
"媛",129
"郭",129
"瀑",129
"招",128
"粉",128
"廹",128
"埣",128
"寅",127
"莱",127
"残",127
"幣",127
"裸",127
"Ｆ",126
"羊",126
"此",126
"仕",126
"廣",126
"核",126
"柵",125
"虻",125
"斑",125
"採",125
"萄",125
"蔓",124
"配",124
"奔",123
"稜",123
"繰",123
"伎",123
"詫",123
"ぜ",123
"巌",121
"操",121
"昇",121
"霜",120
"圷",120
"乱",120
"ヂ",120
"萢",119
"鎚",119
"菟",119
"鏑",118
"脳",118
"萊",118
"劇",118
"杢",117
"統",116
"鵡",116
"咋",116
"鍾",116
"顔",116
"Ｍ",115
"令",115
"幽",114
"順",114
"叢",114
"ぽ",114
"尚",113
"桁",113
"踏",113
"繋",113
"匂",112
"梵",112
"談",112
"規",112
"獺",111
"途",111
"噴",111
"皮",110
"机",110
"絡",110
"弦",109
"個",109
"憩",109
"枡",109
"逗",108
"硯",107
"祐",107
"雉",107
"薪",107
"茎",107
"莇",107
"悠",106
"櫟",106
"搦",106
"戻",106
"借",106
"素",105
"班",105
"画",105
"芭",105
"寧",105
"傘",105
"腹",104
"救",104
"垰",104
"箒",104
"眉",104
"杏",104
"鉛",103
"汗",103
"棒",103
"鮭",103
"柊",103
"倭",103
"薊",102
"茱",102
"紗",102
"血",102
"艇",102
"笑",101
"笈",101
"貢",100
"ゅ",100
"称",100
"柞",99
"違",99
"塘",99
"栩",99
"勿",98
"紡",98
"ゃ",98
"暑",98
"岨",98
"復",97
"棟",97
"ヲ",97
"桟",97
"嫁",97
"楚",97
"珊",96
"樟",96
"幅",95
"頴",95
"姿",95
"狛",94
"独",94
"響",94
"藁",94
"震",93
"講",93
"承",93
"茄",93
"薫",93
"糖",92
"涼",92
"晩",92
"藺",92
"梼",92
"漉",92
"系",91
"介",91
"枦",91
"榑",91
"祈",91
"鯰",91
"符",91
"崇",91
"苧",90
"戒",90
"葡",90
"Ｕ",90
"娃",90
"奉",90
"値",90
"寛",90
"零",89
"岫",89
"陳",89
"蝦",89
"壮",89
"弾",89
"例",88
"囲",88
"櫓",88
"勧",88
"箸",88
"櫨",88
"鰺",88
"俊",88
"績",87
"曾",87
"袰",87
"楊",87
"銘",87
"固",87
"嵓",86
"燧",86
"雛",86
"糞",86
"著",86
"穀",86
"議",86
"址",86
"杁",86
"椹",86
"啓",86
"爼",85
"帷",85
"閣",85
"祁",85
"価",85
"賊",85
"勅",85
"鑓",84
"扶",83
"柘",83
"笊",83
"國",83
"案",83
"螢",82
"算",82
"譲",82
"姪",82
"読",82
"坦",82
"奇",82
"埠",81
"制",81
"嬬",81
"鼎",81
" ",81
"鋺",81
"悦",81
"蟇",81
"眺",81
"躰",80
"へ",80
"亘",80
"莫",80
"耆",80
"這",80
"臣",80
"H",80
"忌",80
"騎",80
"朋",80
"暖",80
"蕎",79
"酉",79
"Ｈ",79
"再",79
"潭",79
"鵯",78
"稔",78
"話",78
"踊",78
"亜",77
"答",77
"學",77
"語",77
"橡",77
"鎖",77
"鮒",76
"懐",76
"蛯",76
"﨑",76
"求",76
"瞥",75
"禄",75
"委",75
"膝",75
"盃",75
"斧",75
"蛎",75
"評",74
"卒",74
"沸",74
"鞠",74
"柑",74
"許",74
"沈",73
"碕",73
"錬",73
"蛍",73
"挽",73
"邇",73
"捉",73
"択",73
"写",72
"亥",72
"旛",72
"埜",72
"鰍",72
"Ｙ",72
"功",72
"垢",71
"鈷",71
"舛",71
"鴬",71
"潴",71
"皐",70
"装",70
"拠",70
"曼",70
"吊",70
"斯",70
"蓄",70
"濱",70
"賜",70
"蕗",70
"吠",69
"鞘",69
"椴",69
"蚕",69
"棧",69
"O",69
"箪",69
"級",69
"髭",69
"勤",68
"聚",68
"巡",68
"蹄",68
"策",67
"噌",67
"鈍",67
"蝶",67
"省",67
"墾",67
"鰻",67
"典",67
"匝",67
"買",67
"尽",67
"賽",67
"殻",66
"豪",66
"聴",66
"鴛",65
"蛙",65
"吸",65
"簞",65
"應",65
"伐",65
"贄",65
"欅",65
"ゥ",64
"鎗",64
"４",64
"葎",64
"倫",64
"識",63
"竿",63
"塾",63
"接",63
"誓",62
"鰹",62
"竺",62
"俗",62
"S",62
"抱",62
"其",62
"箭",62
"盆",62
"果",61
"I",61
"泡",61
"純",61
"闇",61
"隣",61
"饒",61
"歓",61
"狢",61
"蜆",60
"鴇",60
"箆",60
"燃",60
"蜷",60
"Ｘ",60
"言",59
"傾",59
"趾",59
"ぴ",59
"爾",59
"危",59
"漕",59
"洛",59
"榴",59
"黍",59
"顕",59
"轡",59
"賤",59
"閖",58
"礫",58
"恐",58
"了",58
"塗",58
"飫",58
"姓",58
"就",58
"蝙",57
"掃",57
"帖",57
"鋤",57
"鈩",57
"梛",57
"蝠",57
"鴉",56
"録",56
"偕",56
"聟",56
"后",56
"彌",56
"宣",55
"随",55
"渦",55
"簑",55
"硝",55
"ヱ",55
"Ｄ",55
"泗",55
"誕",55
"粥",55
"蕃",54
"密",54
"矯",54
"錫",53
"欽",53
"茰",53
"猛",53
"喬",53
"塁",53
"瑳",53
"芙",53
"硑",53
"脚",53
"補",53
"鬢",53
"蓉",53
"ぷ",52
"韓",52
"枌",52
"珪",52
"６",52
"伍",52
"挙",52
"猟",52
"珍",52
"感",51
"煤",51
"毒",51
"燭",51
"軌",51
"祗",51
"過",51
"渥",51
"蝉",51
"祠",51
"駈",51
"琉",50
"縢",50
"堵",50
"雅",50
"映",50
"廊",50
"逸",50
"鮪",49
"酌",49
"繩",49
"黎",49
"酪",49
"宙",49
"烈",49
"櫻",49
"魂",49
"鷗",49
"範",48
"荊",48
"餓",48
"泣",47
"考",47
"粧",47
"胸",47
"薭",47
"薦",47
"覗",47
"栫",47
"異",46
"衡",46
"劔",46
"５",46
"酘",46
"酢",46
"勲",46
"孔",46
"潰",46
"璃",46
"緩",46
"筌",46
"質",45
"廟",45
"蛤",45
"－",45
"笏",45
"徒",45
"郊",45
"淑",44
"鈎",44
"注",44
"錐",44
"綣",44
"佳",44
"秣",44
"弗",44
"肉",44
"暗",44
"酸",44
"蕉",44
"鍜",44
"暇",44
"鰯",43
"酔",43
"掘",43
"弐",43
"涛",43
"禰",43
"透",43
"魹",43
"淋",43
"垈",43
"７",43
"退",43
"澱",43
"説",43
"茸",43
"章",43
"亭",42
"含",42
"＆",42
"勺",42
"柾",42
"孤",42
"姨",42
"肘",42
"痕",42
"拳",42
"把",42
"纒",42
"ｉ",41
"凪",41
"磁",41
"與",41
"圃",41
"〆",41
"溢",41
"朔",41
"峪",41
"駕",40
"馴",40
"鱈",40
"壽",40
"腕",40
"魔",40
"鬚",40
"寇",40
"脛",40
"榔",40
"刃",40
"莚",40
"迷",40
"遙",40
"磧",40
"狄",40
"砧",40
"賑",40
"朗",40
"禽",39
"蟬",39
"椈",39
"筵",39
"礒",39
"ぺ",39
"衝",39
"互",39
"告",39
"蟠",39
"朧",39
"解",39
"械",39
"鯎",39
"刎",39
"曹",39
"筬",38
"審",38
"椙",38
"瘤",38
"討",38
"衆",38
"鐺",38
"葦",38
"畚",38
"嶮",38
"汁",37
"寂",37
"駮",37
"﨔",37
"伸",37
"唯",37
"郛",37
"溶",37
"巖",37
"想",37
"萸",37
"征",37
"D",37
"軸",37
"貉",36
"ｌ",36
"齋",36
"ヵ",36
"紛",36
"眞",36
"凰",36
"楼",36
"槐",35
"饗",35
"襟",35
"稀",35
"雙",35
"叉",35
"裳",35
"椀",35
"循",35
"敏",35
"腐",35
"穏",34
"肩",34
"筥",34
"到",34
"颪",34
"蹊",34
"雞",34
"礎",34
"渠",34
"夙",34
"優",34
"俎",34
"毎",34
"句",34
"藏",33
"已",33
"塒",33
"暦",33
"鼈",33
"忽",33
"檪",33
"晃",33
"鴎",32
"舳",32
"禾",32
"撰",32
"綴",32
"堆",32
"率",32
"蝋",32
"錆",32
"獨",32
"橇",32
"亦",32
"塞",32
"～",32
"鳧",31
"蠑",31
"葺",31
"隨",31
"笙",31
"炉",31
"涙",31
"鰭",31
"貸",31
"檗",31
"甌",31
"裟",31
"ｅ",31
"喇",31
"噶",31
"袈",31
"型",31
"盗",31
"卦",31
"萠",30
"椒",30
"胴",30
"８",30
"兀",30
"麴",30
"疎",30
"蠟",30
"尿",30
"故",30
"壷",30
"殺",30
"躅",30
"躑",30
"釆",30
"苓",30
"緋",30
"曰",30
"也",29
"垪",29
"乎",29
"枳",29
"謡",29
"厄",29
"肴",29
"婁",29
"觜",29
"鍔",29
"艦",29
"鯵",29
"棡",29
"棄",29
"堪",29
"拍",29
"翼",29
"勾",29
"驚",29
"疣",28
"推",28
"絶",28
"０",28
"餘",28
"ｒ",28
"幟",28
"捕",28
"炊",28
"艘",28
"ぱ",28
"鉈",27
"諭",27
"矧",27
"杯",27
"ａ",27
"囊",27
"死",27
"契",27
"啼",27
"致",27
"旨",27
"絅",27
"凍",27
"撞",27
"禁",27
"漬",27
"朶",27
"冥",27
"橅",27
"Ｗ",27
"藝",26
"停",26
"繕",26
"輿",26
"腸",26
"宵",26
"刷",26
"締",26
"塀",26
"閏",26
"梺",26
"唱",26
"彫",26
"騒",26
"槽",26
"蝕",26
"繊",26
"餉",25
"孕",25
"漣",25
"悟",25
"榧",25
"胃",25
"箙",25
"峅",25
"革",25
"容",25
"悲",25
"灌",25
"瑚",25
"卜",25
"釿",25
"裕",25
"凌",25
"傳",24
"浸",24
"珸",24
"卵",24
"汀",24
"魁",24
"舜",24
"剥",24
"ｏ",24
"瑁",24
"鈑",24
"融",24
"靱",24
"鉋",24
"洪",24
"瑤",24
"存",24
"辨",24
"硲",24
"閘",24
"詞",24
"ｔ",24
"炮",24
"責",24
"惟",24
"稼",24
"蜻",23
"跳",23
"湛",23
"編",23
"桴",23
"迯",23
"候",23
"醒",23
"裂",23
"籟",23
"圧",23
"靄",23
"跨",23
"礬",23
"鑪",23
"滴",23
"儘",23
"ぢ",23
"Ⅱ",23
"朳",23
"當",23
"蛾",23
"促",23
"籔",23
"娑",22
"掌",22
"粡",22
"淳",22
"熔",22
"濠",22
"饅",22
"逧",22
"蔀",22
"戈",22
"摘",22
"快",22
"硬",22
"栴",22
"践",22
"穗",22
"失",22
"槎",22
"孵",22
"﨏",22
"鰔",22
"尉",22
"鞭",22
"豚",22
"笥",21
"巓",21
"鱗",21
"棲",21
"砦",21
"坤",21
"埓",21
"吼",21
"汰",21
"窄",21
"顧",21
"畤",21
"椥",21
"狹",21
"妃",21
"濤",21
"糟",21
"楞",21
"甕",21
"扉",21
"獣",21
"診",21
"籬",21
"挟",21
"鮑",20
"毫",20
"臓",20
"貧",20
"戌",20
"苙",20
"禎",20
"桙",20
"搬",20
"麟",20
"埵",20
"叺",20
"被",20
"艮",20
"俄",20
"岻",20
"杠",20
"簀",20
"頬",20
"担",20
"犢",19
"掖",19
"癸",19
"扱",19
"輌",19
"搗",19
"閼",19
"鋏",19
"椅",19
"猶",19
"剃",19
"屹",19
"棹",19
"蠣",19
"驢",19
"娥",19
"猴",19
"舮",19
"鴦",19
"烟",19
"苺",19
"紐",19
"舸",19
"餌",19
"烽",19
"･",19
"楪",18
"縣",18
"戍",18
"枛",18
"蛉",18
"ヰ",18
"捻",18
"奕",18
"獲",18
"綜",18
"爆",18
"柆",18
"蝮",18
"帳",18
"菓",18
"ｓ",18
"萓",18
"併",18
"牽",18
"枠",18
"筍",18
"晒",18
"鮹",18
"ｎ",18
"課",18
"硴",18
"錨",18
"呰",18
"鵤",18
"廼",18
"杤",18
"党",18
"麹",17
"蒸",17
"鰈",17
"鰕",17
"蜘",17
"漸",17
"胄",17
"栽",17
"暘",17
"總",17
"詩",17
"M",17
"靖",17
"泙",17
"芒",17
"汝",17
"糯",17
"舂",17
"翩",17
"滅",17
"憧",17
"億",17
"猩",17
"簸",17
"隷",17
"且",17
"遭",17
"篝",17
"馿",17
"衾",16
"収",16
"篤",16
"撲",16
"糺",16
"炬",16
"媒",16
"熟",16
"肋",16
"睡",16
"擶",16
"峻",16
"逓",16
"縞",16
"撮",16
"託",16
"奮",16
"皀",16
"棯",16
"恭",16
"渊",16
"鐇",16
"召",16
"没",16
"忘",16
"猊",16
"態",16
"游",16
"咸",16
"臺",15
"授",15
"奏",15
"券",15
"驫",15
"荼",15
"吟",15
"頽",15
"糘",15
"蜑",15
"蟶",15
"甜",15
"塊",15
"脱",15
"剝",15
"廓",15
"完",15
"舗",15
"揃",15
"抓",15
"稽",15
"据",15
"苣",15
"狙",15
"刻",15
"淨",15
"履",15
"咩",15
"掵",15
"葱",15
"髻",15
"湫",15
"堡",14
"砕",14
"仿",14
"犾",14
"穝",14
"e",14
"剪",14
"鵰",14
"圓",14
"彰",14
"遥",14
"垬",14
"糒",14
"箟",14
"賞",14
"邊",14
"鮮",14
"鰌",14
"麿",14
"i",14
"揥",14
"薑",14
"賓",14
"髙",14
"齢",14
"粮",14
"菫",14
"宏",13
"牙",13
"哘",13
"蒙",13
"握",13
"掬",13
"孀",13
"９",13
"鵃",13
"歎",13
"弩",13
"證",13
"碩",13
"探",13
"劫",13
"駟",13
"滞",13
"褒",13
"侭",13
"拂",13
"榿",13
"縮",13
"煎",13
"U",13
"鼡",13
"峩",13
"叔",13
"捫",13
"液",13
"漫",13
"煉",13
"霰",13
"皷",13
"采",13
"宛",13
"．",13
"樒",12
"秬",12
"襲",12
"乏",12
"焚",12
"雎",12
"掫",12
"艫",12
"搔",12
"盥",12
"臘",12
"燦",12
"稙",12
"嫦",12
"牆",12
"昔",12
"莵",12
"罐",12
"臍",12
"徴",12
"攻",12
"怪",12
"執",12
"幢",12
"凸",12
"眠",12
"斬",12
"熨",12
"律",12
"渉",12
"鑚",12
"澪",12
"缺",12
"椽",12
"a",12
"闍",12
"臂",12
"苽",12
"椨",12
"棗",12
"闘",12
"蛮",12
"籏",12
"戴",12
"孑",12
"励",12
"假",12
"笄",12
"粂",12
"厘",12
"鰀",12
"朸",12
"賦",12
"決",12
"格",12
"ゞ",12
"稱",12
"咥",12
"泳",12
"權",12
"鶚",12
"、",11
"呪",11
"漏",11
"鮟",11
"混",11
"哺",11
"弉",11
"莅",11
"忰",11
"蒋",11
"漑",11
"o",11
"瞽",11
"泓",11
"必",11
"柤",11
"檍",11
"鉦",11
"孟",11
"媚",11
"辯",11
"諌",11
"換",11
"歇",11
"櫂",11
"挿",11
"磆",11
"曜",11
"粭",11
"寳",11
"鹽",11
"粗",11
"峐",11
"檞",11
"欝",11
"嶬",11
"舍",11
"實",11
"鱇",11
"泪",11
"培",10
"漠",10
"P",10
"蹴",10
"薔",10
"亞",10
"昴",10
"瑪",10
"預",10
"㯃",10
"嗣",10
"緯",10
"昧",10
"訶",10
"敲",10
"何",10
"桓",10
"垳",10
"辷",10
"弛",10
"榾",10
"肆",10
"Ｚ",10
"鎰",10
"虞",10
"崕",10
"羨",10
"枋",10
"荢",10
"葹",10
"耀",10
"蔣",10
"灸",10
"，",10
"蓴",10
"而",10
"薇",10
"頌",10
"樵",10
"赦",10
"橲",10
"庖",10
"秤",10
"睨",9
"鬮",9
"畭",9
"鮠",9
"屑",9
"隔",9
"釛",9
"麒",9
"揺",9
"涅",9
"樿",9
"漂",9
"莨",9
"鮨",9
"径",9
"靡",9
"煩",9
"黛",9
"會",9
"菻",9
"烙",9
"綺",9
"蹉",9
"鉤",9
"慎",9
"汾",9
"髯",9
"溷",9
"轌",9
"廠",9
"飲",9
"郁",9
"槃",9
"渭",9
"超",9
"焰",9
"約",9
"微",9
"崘",9
"幼",9
"凡",9
"筧",9
"緤",9
"ぁ",9
"低",9
"跎",9
"殕",9
"瓏",9
"曵",9
"釋",9
"巫",9
"爛",9
"醤",9
"瀨",9
"慥",9
"ｕ",9
"瑜",9
"錠",9
"膏",9
"蒡",9
"梍",9
"筱",9
"壕",9
"鱸",9
"披",9
"丞",9
"嵶",9
"橦",9
"靭",9
"浩",9
"丒",9
"捷",9
"F",8
"蹟",8
"斫",8
"螂",8
"藥",8
"寶",8
"艾",8
"槁",8
"鷏",8
"琳",8
"褥",8
"圦",8
"析",8
"麩",8
"莢",8
"橳",8
"篶",8
"絆",8
"瀉",8
"冊",8
"鰄",8
"翅",8
"貿",8
"葬",8
"圡",8
"献",8
"狂",8
"冝",8
"克",8
"荃",8
"砠",8
"殼",8
"Y",8
"G",8
"哀",8
"肌",8
"楜",8
"躬",8
"彊",8
"泌",8
"紘",8
"纚",8
"惶",8
"佩",7
"冑",7
"秡",7
"胤",7
"萪",7
"琥",7
"錢",7
"携",7
"畏",7
"蛋",7
"篁",7
"l",7
"掎",7
"怡",7
"鯆",7
"亟",7
"伺",7
"瘘",7
"墹",7
"埇",7
"弄",7
"槝",7
"飴",7
"兆",7
"岪",7
"鵙",7
"従",7
"蓍",7
"瞰",7
"騰",7
"題",7
"酵",7
"蚓",7
"琢",7
"栁",7
"埖",7
"矩",7
"瑙",7
"魄",7
"撓",7
"鬘",7
"r",7
"鮴",7
"頥",7
"莪",7
"Ⅰ",7
"欧",7
"竒",7
"屶",7
"争",7
"憲",7
"弋",7
"u",7
"批",7
"梹",7
"佼",7
"刕",7
"窮",7
"徐",7
"蚯",7
"猯",7
"麁",7
"麝",7
"苛",7
"s",7
"穆",7
"貽",6
"爽",6
"慧",6
"圭",6
"棊",6
"k",6
"峙",6
"醴",6
"檐",6
"閭",6
"鑵",6
"燥",6
"鉞",6
"患",6
"濘",6
"鯏",6
"牝",6
"癪",6
"鰡",6
"犂",6
"襄",6
"畛",6
"凶",6
"肄",6
"蟲",6
"唖",6
"廉",6
"媼",6
"癒",6
"槲",6
"脂",6
"慕",6
"挺",6
"擲",6
"愚",6
"杔",6
"抗",6
"W",6
"侶",6
"朦",6
"澳",6
"洒",6
"桒",6
"逃",6
"惑",6
"墮",6
"㫪",6
"趣",6
"鋒",6
"巷",6
"ぃ",6
"甥",6
"嚮",6
"椌",6
"嵭",6
"囚",6
"燐",6
"嵋",6
"紹",6
"鍼",6
"ｃ",6
"償",6
"敵",6
"巒",6
"允",6
"淤",6
"楷",6
"t",6
"簫",6
"盾",6
"髮",6
"仇",6
"綻",6
"貂",6
"雇",6
"舵",6
"碗",6
"慰",6
"匁",6
"牌",6
"篋",6
"充",6
"屠",6
"暎",6
"汢",6
"Ｖ",6
"陪",6
"鰊",6
"㭷",6
"n",6
"濯",6
"倒",6
"咾",6
"蕈",6
"槢",6
"鋪",6
"ｐ",6
"蘆",6
"拐",6
"董",6
"証",6
"鰆",6
"菴",6
"諾",6
"襖",6
"呱",6
"萇",6
"掲",6
"鐡",6
"󠄅",6
"誌",6
"棺",6
"杼",6
"掴",6
"膚",6
"聳",6
"抛",6
"遂",6
"弊",6
"咽",6
"拵",6
"靫",6
"圀",6
"ｙ",6
"鮊",6
"鰘",6
"濶",6
"僚",6
"笂",6
"蠃",6
"閂",6
"ｈ",6
"淌",6
"凉",5
"樮",5
"畉",5
"𠏹",5
"枅",5
"捧",5
"ぇ",5
"鳰",5
"梔",5
"症",5
"岼",5
"惠",5
"硨",5
"椡",5
"蔲",5
"緊",5
"諦",5
"縺",5
"姜",5
"鞁",5
"霳",5
"距",5
"霻",5
"遷",5
"棋",5
"蟷",5
"峽",5
"壗",5
"捲",5
"鏥",5
"鮖",5
"賎",5
"鶇",5
"陦",5
"蚶",5
"侈",5
"盈",5
"堕",5
"X",5
"竃",5
"膿",5
"ゝ",5
"催",5
"縨",5
"玻",5
"莎",5
"蒐",5
"哉",5
"凝",5
"坏",5
"沃",5
"略",5
"嚶",5
"窕",5
"崗",5
"玲",5
"鑢",5
"莞",5
"辱",5
"謙",5
"騂",5
"誘",5
"秘",5
"禪",5
"鵢",5
"涵",5
"閨",5
"磑",5
"效",5
"榀",5
"谿",5
"嚢",5
"貰",5
"禮",5
"櫤",5
"楳",5
"封",5
"桷",5
"鵺",4
"宥",4
"頗",4
"扨",4
"毀",4
"档",4
"瘞",4
"欲",4
"祷",4
"洸",4
"礇",4
"縊",4
"壹",4
"猷",4
"穣",4
"霆",4
"笋",4
"邪",4
"♡",4
"敢",4
"颱",4
"鑰",4
"團",4
"旁",4
"桾",4
"轆",4
"舩",4
"卑",4
"嫗",4
"鬪",4
"嚙",4
"矼",4
"臚",4
"晋",4
"箞",4
"攝",4
"芓",4
"斥",4
"肬",4
"馨",4
"譚",4
"鵬",4
"凱",4
"奨",4
"斟",4
"魦",4
"徠",4
"榮",4
"舅",4
"伶",4
"峇",4
"堋",4
"瞳",4
"淞",4
"贋",4
"蛆",4
"爬",4
"皓",4
"捏",4
"柁",4
"苞",4
"梢",4
"擬",4
"凧",4
"嘘",4
"茭",4
"蕩",4
"跿",4
"翡",4
"樛",4
"杙",4
"蜒",4
"駆",4
"皺",4
"	",4
"挊",4
"啣",4
"蟆",4
"轤",4
"娚",4
"蚫",4
"󠄂",4
"甸",4
"阮",4
"噲",4
"囃",4
"徂",4
"！",4
"鉙",4
"醇",4
"絞",4
"恥",4
"椣",4
"誤",4
"錯",4
"鮗",4
"髄",4
"瀛",4
"仞",4
"霑",4
"笘",4
"梧",4
"蚪",4
"搖",4
"粠",4
"鰣",4
"誂",4
"畬",4
"旋",4
"耻",4
"伃",4
"晦",4
"禍",4
"鐸",4
"繖",3
"胼",3
"c",3
"靂",3
"𥧄",3
"ｇ",3
"啝",3
"螳",3
"牓",3
"蕷",3
"蒻",3
"筰",3
"嘶",3
"鼕",3
"項",3
"幻",3
"檣",3
"艸",3
"苳",3
"扁",3
"滕",3
"均",3
"尹",3
"犁",3
"渾",3
"螻",3
"沚",3
"艶",3
"麺",3
"蠅",3
"抔",3
"鴈",3
"叩",3
"棆",3
"扮",3
"饌",3
"綠",3
"即",3
"閇",3
"暼",3
"鄰",3
"讀",3
"努",3
"瀰",3
"歿",3
"ｄ",3
"匤",3
"貌",3
"擔",3
"褄",3
"鋷",3
"括",3
"湍",3
"牢",3
"虜",3
"凮",3
"什",3
"阯",3
"咆",3
"庠",3
"鸙",3
"Т",3
"載",3
"衍",3
"枢",3
"椰",3
"醸",3
"ｋ",3
"夘",3
"嗎",3
"穐",3
"鑷",3
"䦰",3
"惇",3
"茲",3
"摸",3
"崋",3
"懴",3
"瘡",3
"序",3
"鞴",3
"屎",3
"y",3
"几",3
"滓",3
"廐",3
"凾",3
"遇",3
"壘",3
"峺",3
"偉",3
"喩",3
"妖",3
"冒",3
"椢",3
"徯",3
"錣",3
"溺",3
"蕊",3
"砿",3
"罹",3
"齟",3
"枴",3
"畴",3
"芎",3
"罠",3
"唸",3
"伋",3
"拡",3
"剰",3
"曝",3
"桎",3
"髢",3
"鰢",3
"霹",3
"禊",3
"坐",3
"舫",3
"楫",3
"㹨",3
"穿",3
"囀",3
"渚",3
"鞦",3
"鰩",3
"ｂ",3
"沺",3
"坿",3
"㚑",3
"姑",3
"鯲",3
"篦",3
"鱏",3
"蘗",3
"捜",3
"癬",3
"渇",3
"稠",3
"檥",3
"蜩",3
"鵈",3
"鑁",3
"踵",3
"蔕",3
"袙",3
"曠",3
"ｆ",3
"鋲",3
"蕀",3
"椻",3
"臭",3
"蟾",3
"极",3
"撥",3
"欄",3
"啄",3
"魅",3
"懿",3
"鬣",3
"胞",3
"蛟",3
"對",3
"岌",3
"毳",3
"朏",3
"控",3
"噂",3
"畩",3
"燒",3
"ｖ",3
"尤",3
"韋",3
"忉",3
"准",3
"蒟",3
"咫",3
"菁",3
"袂",3
"粁",3
"按",3
"喪",3
"疥",3
"閃",3
"煌",3
"尭",3
"迂",3
"飜",3
"哮",3
"桵",3
"昏",3
"燗",3
"冴",3
"膠",3
"鼇",3
"掉",3
"晞",3
"龕",3
"梟",3
"席",3
"儒",3
"酬",3
"處",3
"諷",3
"磬",3
"猜",3
"鬱",3
"琅",3
"疑",3
"杻",3
"鑿",3
"䉤",3
"灶",3
"沌",3
"馞",3
"魲",3
"炙",3
"磔",3
"朷",3
"掟",3
"銹",3
"楸",3
"𦙾",3
"泻",3
"傑",3
"㯍",3
"衞",3
"弧",3
"𨺉",3
"罧",3
"鎹",3
"壼",3
"岑",3
"鬨",3
"岶",3
"ｍ",3
"樚",3
"淘",3
"頑",3
"賃",3
"淙",3
"捩",3
"煮",3
"臀",3
"俱",3
"嫐",3
"壊",3
"雹",3
"冗",3
"盞",3
"衲",3
"嬲",3
"鼬",3
"醬",3
"選",3
"槶",3
"鍰",3
"社",3
"損",3
"焱",3
"亡",3
"擂",3
"牲",3
"齬",3
"堙",3
"﨟",3
"叫",3
"疊",3
"硎",3
"籐",3
"栓",3
"檻",3
"絛",3
"穎",3
"鸚",3
"塰",3
"滿",3
"舒",3
"傅",3
"駛",3
"綏",3
"靴",3
"炎",3
"樗",3
"胝",3
"袁",3
"葚",3
"湟",3
"范",3
"魵",3
"荕",3
"抽",3
"氣",3
"蝸",3
"臈",3
"沛",3
"婚",3
"篷",3
"嚬",3
"棠",3
"f",3
"珀",3
"蚋",3
"詳",3
"蘿",3
"困",3
"濟",3
"俘",3
"閶",3
"鯔",3
"擣",3
"擦",3
"樂",3
"爰",3
"翌",3
"恕",2
"甍",2
"竟",2
"錺",2
"逅",2
"佑",2
"袮",2
"疇",2
"渟",2
"凛",2
"卓",2
"Z",2
"佰",2
"措",2
"肛",2
"鵞",2
"惺",2
"颯",2
"侖",2
"銈",2
"絲",2
"麥",2
"鵲",2
"澍",2
"檮",2
"耐",2
"肢",2
"汚",2
"藹",2
"Ⅲ",2
"祐",2
"暢",2
"沮",2
"聡",2
"―",2
"旺",2
"v",2
"邨",2
"債",2
"を",1
"z",1
"庇",1
"驥",1
"芍",1
"鴒",1
"遼",1
"紬",1
"隕",1
"鎔",1
"諧",1
"瓊",1
"倖",1
"ﾙ",1
"詔",1
"販",1
"夾",1
"劒",1
"享",1
"廩",1
"腎",1
"惜",1
"劾",1
"煥",1
"桉",1
"沂",1
"ﾉ",1
"雰",1
"“",1
"巧",1
"旱",1
"汭",1
"釶",1
"崔",1
"”",1
"揆",1
"箔",1
"鸞",1
"卷",1
"麸",1
"瀁",1
"俳",1
"愉",1
"轄",1
"扣",1
"󠄀",1
"汎",1
"濡",1
"謹",1
"訴",1
"隋",1
"‐",1
"淮",1
"筐",1
"侃",1
"悌",1
"迪",1
"醫",1
"詠",1
"韻",1
"睛",1
"禹",1
"靜",1
"ﾑ",1
"緝",1
"ぉ",1
"榕",1
"諶",1
"暫",1
"b",1
"邂",1
"ｴ",1
"粋",1
"趙",1
"帛",1
"_",1
"閻",1
"黌",1
"碌",1
"戯",1
"駝",1
"玩",1
"V",1
"艀",1
"賛",1
"嘗",1
"嶌",1
"憂",1
"葩",1
